<?xml version="1.0" encoding="ISO-8859-1"?>
<EmailData>
<Email>
<To>mouni.balagiri@capgemini.com</To>
<From>sandeep.balagiri@capgemini.com</From>
<CC>vineeth@capgemini.com</CC>
<BCC>info@capgemini.com</BCC>
<Subject>Test</Subject>
<Body>Hello Mounika</Body>
</Email>
<Email>
<To>deepu@capgemini.com</To>
<From>sandy@capgemini.com</From>
<CC>minnu@capgemini.com</CC>
<BCC>info@capgemini.com</BCC>
<Subject>Instructions</Subject>
<Body>Please follow given instructions</Body>
</Email>
<Email>
<To>raju@capgemini.com</To>
<From>rani@capgemini.com</From>
<CC>bunny@capgemini.com</CC>
<BCC>info@capgemini.com</BCC>
<Subject>Plan for a Travel</Subject>
<Body>We will plan a trip to mysore</Body>
</Email>
</EmailData>