<?xml version="1.0" encoding="ISO-8859-1"?>
<Employee_Details>
<Employee>
<EmployeeCode>172415</EmployeeCode>
<EmployeeName>
<FirstName>Mounika</FirstName>
<LastName>Balagiri</LastName>
</EmployeeName>
<doj>09/08/97</doj>
<TotalExperience>12</TotalExperience>
<Department>
<unit>3d</unit>
<loc>Mumbai</loc>
</Department>
<Designation>
<D1/>
<D2/>
<D3/>
<D4>*</D4>
<D5/>
</Designation>
<Sal>210000</Sal>
<Grade>
<a/>
<b>*</b>
<c/>
<d/>
</Grade>
</Employee>
<Employee>
<EmployeeCode>222</EmployeeCode>
<EmployeeName>
<FirstName>Sandeep</FirstName>
<LastName>Vasagiri/LastName>
</EmployeeName>
<doj>12/01/99</doj>
<TotalExperience>5</TotalExperience>
<Department>
<unit>4a</unit>
<loc>Pune</loc>
</Department>
<Designation>
<D1/>
<D2>*</D2>
<D3/>
<D4/>
<D5/>
</Designation>
<Sal>12000</Sal>
<Grade>
<a>*</a>
<b/>
<c/>
<d/>
</Grade>
</Employee>
</Employee_Details>